Author,Number of collaborations
A M Semikhatov
A S Vytheeswaran
A. A. Balinsky
A. A. Belov
A. A. Deriglazov
A. A. Kapustnikov
A. A. Vladimirov
A. Aghamohammadi
A. Andrasi
A. Astashkevich
A. Ballesteros
A. Bassetto
A. Belavin
A. Borowiec
A. Brandhuber
A. Burinskii
A. C. Davis
A. C. Petkou
A. Campbellsmith
A. Candiello
A. Chakrabarti
A. Chamorro
A. Dadda
A. Dasnieres De Veigy
A. De Souza Dutra
A. Dimakis
A. Dresse
A. Ferrando
A. Frydryszak
A. G. Bytsko
A. G. Sedrakyan
A. G. Ushveridze
A. Gerasimov
A. Giaquinto
A. Gonzalezarroyo
A. Gonzalezruiz
A. Gorsky
A. H. Bougourzi
A. H. Chamseddine
A. Honecker
A. Ishikawa
A. Iskandar
A. J. Da Silva
A. J. Laufer
A. J. Niemi
A. Jadczyk
A. Jaramillo
A. Jevicki
A. Johansen
A. Kempf
A. Klemm
A. Koubek
A. Lavagno
A. Leclair
A. M. Semikhatov
A. M. Stuchi
A. Mironov
A. Montero
A. Mostafazadeh
A. Mukherjee
A. N. Leznov
A. N. Mitra
A. N. Pressley
A. N. Schellekens
A. Nersessian
A. Neveu
A. Niegawa
A. Niemeyer
A. O. Barut
A. Opfermann
A. P. E. Ten Kroode
A. P. Isaev
A. Pashnev
A. Pasquinucci
A. Pennafirme
A. Perez
A. Polyakov
A. Rajaraman
A. Ritz
A. Rivero
A. S. Fokas
A. S. Gorsky
A. S. Zhedanov
A. Sagnotti
A. Sevrin
A. Shafei Deh Abad
A. Shafiekhani
A. Shariati
A. Smilga
A. Solovyov
A. Strominger
A. Sudbery
A. Sugamoto
A. Teschendorff
A. Ushveridze
A. V. Antonov
A. V. Lyakhovskaya
A. V. Tsiganov
A. V. Veselov
A. V. Zabrodin
A. Valleriani
A. Van Proeyen
A. Weinstein
A. Wipf
A. Yelnikov
A. Yu. Alekseev
A. Yu. Volkov
A. Z. Malkin
A. Zamolodchikov
A. Zapletal
A.A. Johansen
A.A. Slavnov
A.A. Tseytlin
A.A. Zheltukhin
A.A.Slavnov
A.B. Kaganovich
A.Babichenko
A.D.Popov
A.Fring
A.G.Ushveridze
A.Gamba
A.Gorsky
A.I. Alekseev
A.I. Bugrij
A.I.Bugrij
A.I.Nikishov
A.J. Bordner
A.J. Van Der Sijs
A.J.M. Medved
A.L. Koshkarov
A.L. Larsen
A.Losev
A.M. Ghezelbash
A.M. Grundland
A.M. Khvedelidze
A.M. Polyakov
A.M.Gavrilik
A.Marshakov
A.Mironov
A.Morozov
A.N. Schellekens
A.Nersessian
A.O.Barvinsky
A.P. Balachandran
A.P. Polychronakos
A.Polyakov
A.Restuccia
A.S. Koshelev
A.S.Cattaneo
A.Sedrakyan
A.Taleb
A.Turbiner
A.V. Smilga
A.V.Bratchikov
A.V.Yung
A.V.Zabrodin
A.Wipf
A.Y. Shiekh
A.Yu.Alekseev
A.Zabrodin
Abbas Ali
Abhas Mitra
Abhinav Gupta
Achim Kempf
Adel Bilal
Adel Khoudeir
Adi Armoni
Adrian R. Lugo
Adriano Di Giacomo
Ahmed Hindawi
Akifumi Sako
Akikazu Hashimoto
Akio Sugamoto
Akira Fujii
Al. Zamolodchikov
Alain Lascoux
Alan R. Steif
Alan R. White
Alan Weinstein
Albert Schwarz
Alberto Iglesias
Albion Lawrence
Alejandro Rivero
Alejandro Tiraboschi
Aleksey Yu. Nurmagambetov
Alex C. Kalloniatis
Alex Kasman
Alexander A. Migdal
Alexander A.Vlasov
Alexander Antonov
Alexander Astashkevich
Alexander Braverman
Alexander Burinskii
Alexander Cardona
Alexander D. Popov
Alexander Ganchev
Alexander Kirillov Jr
Alexander Kirillov Jr.
Alexander Kusenko
Alexander Laufer
Alexander Molev
Alexander Moroz
Alexander Ushveridze
Alexander Varchenko
Alexander Verbovetsky
Alexander Vilenkin
Alexander Von Gussich
Alexei Mishchenko
Alexei Vladimirov
Alexei Yu. Nurmagambetov
Alexei Yung
Alexey A. Kadeishvili
Alexey S. Koshelev
Alexey Sevostyanov
Alexios P. Polychronakos
Alfred Shapere
Ali H. Chamseddine
Ali Kaya
Ali Mostafazadeh
Ali Yegulalp
Alice Rogers
Allen C. Hirshfeld
Alok Kumar
Alon E. Faraggi
Alvaro De Souza Dutra
Amanda W. Peet
Amihay Hanany
Amine B. Hammou
Amir Masoud Ghezelbash
Anastasia Doikou
Anastasia Volovich
Anatol N. Kirillov
Anatolij I. Bugrij
Anatolij I.Bugrij
Anderson Ilha
Andras Szenes
Andre Leclair
Andreas Bette
Andreas Honecker
Andreas Karch
Andreas Recknagel
Andreas Wipf
Andrei Babichenko
Andrei Dubikovsky
Andrei Johansen
Andrei Mikhailov
Andrei Parnachev
Andrei Smilga
Andrew C. Millard
Andrew Chamblin
Andrew E. Chubykalo
Andrew K. Waldron
Andrew Strominger
Andrew Toon
Andrey Dubin
Andrey Yu. Dubin
Andrzej Herdegen
Andrzej J. Staruszkiewicz
Andrzej Sitarz
Andy Strominger
Anindya K. Biswas
Anirban Basu
Anisur Rahaman
Anjan Kundu
Ann Nelson
Anna Beliakova
Anne Schilling
Anni Koubek
Ansar Fayyazuddin
Antal Jevicki
Anthony J. Bracken
Anthony Sudbery
Antoine Balan
Anton Galajinsky
Anton Kapustin
Antonella Liccardo
Antti J. Niemi
Arjun Berera
Arlen Anderson
Arne L. Larsen
Arshad Momen
Arundhati Dasgupta
Arvind Rajaraman
Asato Tsuchiya
Asher Peres
Ashok Das
Ashok Das.
Ashoke Sen
Atish Dabholkar
Atsuo Kuniba
Atsushi Nakayashiki
Atsushi Yoshida
Augusto Sagnotti
Avinash Khare
Azakov S.I
Azizollah Shafiekhani
B. Andreas
B. Basumallick
B. Bellet
B. Carazza
B. Chakraborty
B. De Wit
B. Eynard
B. Geyer
B. Jurco
B. K. Chung
B. L. Feigin
B. L. Julia
B. Leclerc
B. M. Zupnik
B. P. Kosyakov
B. Rosenstein
B. S. Acharya
B. Sakita
B. Sathiapalan
B. Schroer
B. Spence
B.G. Sidharth
B.J. Schroers
B.K. Chung
B.L. Julia
B.M. Barbashov
B.M. Zupnik
B.M.A.G. Piette
B.M.Barbashov
B.M.Zupnik
B.P. Kosyakov
B.Rusakov
B.S. Acharya
B.S.Acharya
Bahniman Ghosh
Barak Kol
Beatriz Gatorivera
Becca Asquith
Belal E. Baaquie
Bengt E.W. Nilsson
Bergfinnur Durhuus
Bernard De Wit
Bernard Knaepen
Bernard L. Julia
Bernard Nienhuis
Bernard S. Kay
Bernd Kuckert
Bernd Schreiber
Bernhard Drabant
Bert Schellekens
Bertfried Fauser
Betti Hartmann
Bin Wang
Biswajit Chakraborty
Bjoern Andreas
Bjorn Andreas
Bodo Pareigis
Bogdan Morariu
Boguslaw Broda
Bong H. Lian
Boqiang Ma
Boris Dubrovin
Boris Feigin
Boris Khesin
Boris L. Altshuler
Boyu Hou
Boyuan Hou
Branko Urosevic
Brett Van De Sande
Brian Davies
Brian Dolan
Brian Greene
Brian P. Dolan
Bruce W. Westbury
Bruno Zumino
Bryce Dewitt
Bulat I. Suleimanov
Bumseok Kyae
Bumsig Kim
Burt A. Ovrut
Byungbae Kim
C. A. Savoy
C. Acerbi
C. Adam
C. Adler
C. Anastopoulos
C. Angelantonj
C. Bachas
C. Burdik
C. Campigotto
C. Chryssomalakos
C. D. Fosco
C. Destri
C. Emmrich
C. F. Talavera
C. Ford
C. G. Torre
C. H. Oh
C. H. Sah
C. Imbimbo
C. Itzykson
C. Klimcik
C. Kounnas
C. Lucchesi
C. M. Perena
C. Mayer
C. Montonen
C. Munoz
C. N. Leung
C. Nash
C. P. Martin
C. Quesne
C. R. Hagen
C. Ramirez
C. Roger
C. Saclioglu
C. Schwiebert
C. Sonnenschein
C. Teitelboim
C. Vafa
C. Wetterich
C. Wieczerkowski
C. Wotzasek
C.Bachas
C.D. Fosco
C.Fabre
C.Ford
C.G. Callan
C.G. Wells
C.Grosche
C.H. Oh
C.J. Fewster
C.J. Hamer
C.P. Bachas
C.P. Martin
C.R. Fernandezpousa
C.R. Gattringer
C.R. Hagen
C.R. Preitschopf
C.S. Lam
C.S.Aulakh
C.Wetterich
Camillo Imbimbo
Carl Rosenzweig
Carlo Angelantonj
Carlo M. Becchi
Carlo Rovelli
Carlos Castro
Carlos E. Laciana
Carlos Nunez
Carmen Molinaparis
Cecile Martin
Cemsinan Deliduman
Cesar P. Natividade
Chaiho Rim
Changhai Lu
Changpu Sun
Changyeong Lee
Changzheng Qu
Charilaos Aneziris
Charles B. Thorn
Charles M. Sommerfield
Charles Nash
Chienhao Liu
Choonlin Ho
Chris Barnes
Chris Harveyfros
Chris Radford
Christian Grosche
Christian Schubert
Christian Wieczerkowski
Christiane Schomblond
Christof Gattringer
Christof Schmidhuber
Christof Wetterich
Christoph Adam
Christoph Schweigert
Christoph Wetterich
Christopher Ford
Chuanjie Zhu
Chuansheng Xiong
Cihan Saclioglu
Claude Roger
Claudio Emmrich
Claudio Lucchesi
Claudio Teitelboim
Claus Montonen
Clifford Neves
Clifford V. Johnson
Clovis Wotzasek
Constantin P. Bachas
Corinne A. Manogue
Cornelius Sochichiu
Costas Efthimiou
Costas Kounnas
Craig A. Tracy
Csaba Csaki
Ctirad Klimcik
Cumrun Vafa
D. A. Rasheed
D. Anselmi
D. B. Fairlie
D. B. Uglov
D. Bak
D. Barmoshe
D. Bazeia
D. Blaschke
D. C. Cabra
D. Chang
D. Chruscinski
D. Dalmazi
D. Diakonov
D. E. Evans
D. Freed
D. G. Barcy
D. G. C. Mckeon
D. Ivanov
D. J. Broadhurst
D. K. Park
D. Korotkin
D. Kreimer
D. Krob
D. Kutasov
D. L. Henty
D. Minic
D. Schutte
D. Seminara
D. Serban
D. Stoll
D. Toledo
D. Toublan
D. Tz. Stoyanov
D. V. Ahluwalia
D. V. Gluschenkov
D.A. Lowe
D.Anselmi
D.E. Evans
D.J.Broadhurst
D.Juriev
D.K.Park
D.M. Mladenov
D.S.Berman
D.Uglov
D.V. Antonov
D.V. Fursaev
D.V. Shirkov
D.V. Vassilevich
D.V.Antonov
D.Z. Freedman
D.Zoller
Dae Sung Hwang
Daeyup Song
Daiji Ennyu
Damiano Anselmi
Dan N. Vollick
Dan Radu Grigore
Daniel Armandugon
Daniel Cabra
Daniel F. Litim
Daniel Kabat
Daniel Lee
Daniel R. Bes
Daniel R. Terno
Daniel S. Freed
Daniel Sternheimer
Daniel Waldram
Daniel Z. Freedman
Daniela Zanon
Daniele Guido
Danny Birmingham
Darius G. Gagne
David A. Lowe
David B. Fairlie
David E. Radford
David Fairlie
David Finkelstein
David G. Robertson
David Gershon
David Gross
David H. Adams
David I Olive
David J. Gross
David Kutasov
David Langlois
David M. Kaplan
David M. Mcavity
David M. Pierce
David N. Yetter
David R. Morrison
Davide Fioravanti
Davide Stelitano
Davoud Kamani
De Leo Stefano
Dean L. Welch
Dean Lee
Dean Rasheed
Debashis Ghoshal
Demosthenes Ellinas
Denis Bernard
Denis Bernard.
Denis Juriev
Denis Uglov
Denis V. Juriev
Denise E. Freed
Denjoe O Connor
Dennis D. Dietrich
Dennis Nemeschansky
Deog Ki Hong
Departamento De Fisica Teorica
Detlev Buchholz
Dhurjati Prasad Datta
Didier A Depireux
Dieter Luest
Dietrich Bodeker
Dileep P. Jatkar
Dimitra Karabali
Dimitri Polyakov
Dimitry Leites
Dionisio Bazeia
Dirk Graudenz
Dirk Kreimer
Dirk Schlingemann
Djordje Minic
Dmitri Antonov
Dmitri M.Gitman
Dmitri Sorokin
Dmitri V.Vassilevich
Dmitrij V. Volkov
Don N. Page
Donald Spector
Donam Youm
Douglas Singleton
Duiliuemanuel Diaconescu
E. Abdalla
E. Atzmon
E. Billey
E. Comay
E. Corrigan
E. D. Jones
E. Derrick
E. Dudas
E. Elizalde
E. Ivanov
E. J. Moniz
E. K. Sklyanin
E. Kh. Akhmedov
E. Kiritsis
E. M. C. Abreu
E. Marinari
E. Martinec
E. R. Bezerra De Mello
E. Ragoucy
E. S. Moreira
E. S. Moreira Jr.
E. Sezgin
E. Sokatchev
E. Sorace
E. V. Damaskinsky
E. Verlinde
E. Zafiris
E.A. Ivanov
E.C.Marino
E.G.Kalnins
E.H. Saidi
E.I. Guendelman
E.I.Guendelman
E.T.Akhmedov
Edi Halyo
Eduardo Fradkin
Eduardo Ramos
Edward Frenkel
Edward Teo
Edward Witten
Edwin Langmann
Edwin Limlombridas
Eizou Umezawa
Elcio Abdalla
Elena Gubankova
Elena Perazzi
Elena Rivas
Elizabeth Jurisich
Emil Martinec
Emil Mottola
Emilian Dudas
Ennio Gozzi
Enrico Celeghini
Enrico Meggiolaro
Enrique F. Moreno
Enzo Marinari
Ergin Sezgin
Eric Bergshoeff
Eric Dhoker
Erich Poppitz
Erick J. Weinberg
Erik Aurell
Erik Verlinde
Erik Woehnert
Ernest Baver
Eugene Tyurin
Eva Silverstein
Evangelos Mavrikis
Everton M. C. Abreu
Evgeny A. Ivanov
Evgenyi A. Ivanov
Ezer Melzer
F. Aldabe
F. Bigazzi
F. Bonechi
F. Constantinescu
F. Delduc
F. Englert
F. Ghaboussi
F. J. Herranz
F. Krahe
F. Lenz
F. Lizzi
F. Moraes
F. Mullerhoissen
F. Ravanini
F. Rodenas
F. Saueressig
F. Schaposnik
F. Scheck
F. T. Brandt
F. Toppan
F. Vanderseypen
F. Vendrell
F. W. Nijhoff
F. Zimmerschied
F.A. Schaposnik
F.A. Smirnov
F.A.Lunev
F.E. Low
F.M.C. Witte
F.R. Klinkhamer
Fabio Finelli
Fabio Maltoni
Fabio Riccioni
Fabio Zwirner
Falk Rohsiepe
Farid Benachenhou
Felix M. Lev
Feodor A. Smirnov
Feodor Malikov
Fermin Aldabe
Fernando Martinez Moras
Fernando Quevedo
Ferruccio Feruglio
Fidel A. Schaposnik
Fidel A.Schaposnik
Finn Larsen
Fiorenzo Bastianelli
Florian Nill
France
Francesco Ravanini
Francesco Toppan
Francisco Gonzalezrey
Franco Ferrari
Francois Gieres
Frank Ferrari
Frank Gronwald
Frank J. Petriello
Frank Krahe
Frank Wilczek
Fred Cooper
Frederic Bidegain
Frederic Zamora
Freydoon Mansouri
Friedemann Brandt
Fuad M. Saradzhev
Fuad Saradzhev
Fusun Akman
G W Gibbons
G. Akemann
G. Amelinocamelia
G. Bonelli
G. Bruce Mainland
G. C. Joshi
G. Curio
G. Dappollonio
G. Dvali
G. E. Arutyunov
G. F. Chew
G. G. Emch
G. Gabadadze
G. Harris
G. Kalbermann
G. Kaniadakis
G. Leibbrandt
G. M. Gandenberger
G. M. Prosperi
G. Mangano
G. Marmo
G. Modanese
G. Moore
G. Mussardo
G. Papadopoulos
G. Pradisi
G. Preparata
G. Rideau
G. Roepke
G. Rollet
G. S. Danilov
G. S. Danilov.
G. Soliani
G. Sparano
G. T Hooft
G. T. Horowitz
G. Veneziano
G. Vlasov
G. Von Gehlen
G. W. Gibbons
G.Cammarata
G.E. Volovik
G.H. Gadiyar
G.H.Gadiyar
G.M. Gandenberger
G.M.Cicuta
G.M.T. Watts
G.N. Stratopoulos
G.P.Korchemsky
G.P.Pronko
G.Roepstorff
G.Sardanashvily
G.T.Terkazarian
G.V. Vlasov
G.V.Kalinin
G.W. Gibbons
G.W. Semenoff
Gabor Etesi
Gabor Takacs
Gabriele Ferretti
Gaetano Fiore
Gaetano Lambiase
Galin Georgiev
Gary Mccartor
Gautam Sengupta
Geoffrey Dixon
Geoffrey F. Chew
Geoffrey Harris
George Hockney
George Jorjadze
George Thompson
George Tiktopoulos
Georges Pinczon
Gerald B. Cleaver
Gerald Dunne
Gerald Kelnhofer
Gerard T Hooft
Gerardo Aldazabal
Gerardo L.Rossini
German Sierra
Gernot Akemann
Geza Fulop
Giampiero Esposito
Gianfranco Pradisi
Gianpiero Mangano
Gilad Lifschytz
Giorgio Calucci
Giovanni Felder
Giovanni M.Cicuta
Giuliano Preparata
Giuseppe Albertini
Giuseppe Vitiello
Gleb Kalinin
Glenn Barnich
Gokhan Unel
Gordon Chalmers
Gordon Semenoff
Gottfried Curio
Gouranga. C. Nayak
Gregg J. Zuckerman
Gregory Gabadadze
Gregory Moore
Gregory Pelts
Guido Cognola
Gungwon Kang
Gustav W. Delius
Guy Bonneau
Gysbert Zwart
H. Arodz
H. B. Meyer
H. Banerjee
H. Dorn
H. Elkhozondar
H. F. Dowker
H. Fujisaki
H. Garciacompean
H. Grosse
H. Itoyama
H. J. De Vega
H. Jallouli
H. K. Jassal
H. Kachkachi
H. Kanno
H. Kleinert
H. M. Fried
H. Merabet
H. Nicolai
H. Perez Rojas
H. Pierre Noyes
H. Reinhardt
H. Saleur
H. Samtleben
H. Sazdjian
H. Suzuki
H. W. Braden
H. W. Lee
H. Weigel
H. Yamada
H. Zerrouki
H.A. Kastrup
H.Aissaoui
H.B. Benaoum
H.B. Gao
H.C. Pauli
H.C. Rosu
H.Dorn
H.J. De Vega
H.J. Munczek
H.J. Shin
H.J.Shin
H.Kawai
H.P. Nilles
H.P. Pavel
H.R. Christiansen
H.W. Hamber
H.W. Lee
Haewon Lee
Hagen Kleinert
Hagop Sazdjian
Hai Ren
Haicang Ren
Haim Goldberg
Haisheng Li
Hans Peter Nilles
Hanschristian Pauli
Hanspeter Thienel
Hanswerner Wiesbrock
Haralambos Marmanis
Harald H. Soleng
Harold Steinacker
Harold Widom
Harutada Sato
Hassen Jallouli
Haye Hinrichsen
Hb Gao
Heinrich Saller
Heng Fan
Henri Ruegg
Henric Rhedin
Henry P. Stapp
Herbert Saleur
Heribert Weigert
Herman Verlinde
Hermann Hessling
Hermann Nicolai
Hideaki Aoyama
Hidenori Sonoda
Hidetoshi Awata
Hikaru Kawai
Hiroaki Kanno
Hirofumi Yamada
Hirofumi Yasuta
Hiromi Kase
Hiroshi Shirokura
Hiroshi Suzuki
Hirosi Ooguri
Hirotaka Sugawara
Hiroyuki Kobayashi
Hisamitsu Mukaida
Hisao Suzuki
Hisashi Echigoya
Hitoshi Konno
Hitoshi Murayama
Hitoshi Nishino
Hitoshi Sato
Hodaka Oda
Hoikwong Lo
Holger Ewen
Hong Liu
Hong Zhang
Horatiustefan Nastase
Horst G. Kausch
Hoseong La
Hou Boyu
Howard J. Schnitzer
Ht. Sato
Hu Berlin
Huanxiong Yang
Hugo Garciacompean
Hugo R. Christiansen
Hung Cheng
Hyun Min Lee
I. Antoniadis
I. Bakas
I. Brevik
I. G. Avramidi
I. G. Korepanov
I. I. Tkachev
I. Kanatchikov
I. Krichever
I. M. Gelfand
I. M. Singer
I. Marshall
I. Phillips
I. Spagnolatti
I. V. Gorbunov
I. V. Tyutin
I. V. Vancea
I. V.Volovich
I. Volovich
I. Ya. Arefeva
I. Zahed
I.A.B. Strachan
I.Antoniadis
I.G. Korepanov
I.Ivanov
I.K. Kostov
I.N. Mcarthur
I.N.Nikitin
I.Oda
I.P. Zois
I.R. Klebanov
I.Sachs
I.Sachs 
I.V. Volovich
I.V.Tyutin
I.V.Volovich
I.Ya. Arefeva
I.Ya.Arefeva
Ian I. Kogan
Ichiro Oda
Igor A. Bandos
Igor Bandos
Igor Batalin
Igor Frenkel
Igor G. Korepanov
Igor Pesando
Igor R. Klebanov
Igor Rudychev
Igor Vaysburd
Ikuo Satake
Ilinski
Ilka Agricola
Ilka Brunner
Ilya L. Shapiro
Ilya Zakharevich
Indranil Dasgupta
Ingo Gaida
Ioannis Bakas
Ioannis Giannakis
Ioannis P. Zois
Irina Shchepochkina
Irina Ya. Arefeva
Israel Gelfand
Itzhak Bars
Ivan Cherednik
Ivan G. Avramidi
Ivan K. Kostov
Ivan Schmidt
Izawa K.I
Izumi Tsutsui
J. A. De Azcarraga
J. A. Harvey
J. A. Helayelneto
J. A. Mcneil
J. A. Nieto
J. A. Teschner
J. Ambjorn
J. Avan
J. Barcelosneto
J. Bockenhauer
J. C. Brunelli
J. C. Eilbeck
J. C. Perez Bueno
J. Cruz
J. Distler
J. Erdmenger
J. Erlich
J. F. Cornwell
J. Frenkel
J. G. Russo
J. Gamboa
J. Gladikowski
J. Gutowski
J. Hwang
J. Iliopoulos
J. J. Zhang
J. Jezierski
J. Kumar
J. L. Dupont
J. L. Matheusvalle
J. Luis Miramontes
J. Lukierski
J. M. Chung
J. M. F. Labastida
J. M. Izquierdo
J. M. Maillet
J. Madore
J. Maeder
J. Mccarthy
J. Navarrosalas
J. Nuyts
J. P. Gauntlett
J. Plass
J. Polchinski
J. R. S. Nascimento
J. R. Shepard
J. R. Zeni
J. Rahmfeld
J. Rasmussen
J. Rembielinski
J. S. Apps
J. Schimmel
J. Sobczyk
J. Socorro
J. Sonnenschein
J. Stephany
J. Torres
J. Van Der Jeugt
J. W. Van Holten
J. Wudka
J.A. Briginshaw
J.A. Gracey
J.A. Mulvey
J.A. Nieto
J.A.H. Samtleben
J.B. Zuber
J.C. Osborn
J.C.Breckenridge
J.D. Kim
J.E. Hetrick
J.F.Clark
J.F.Plebanski
J.G. Russo
J.Gladikowski
J.J. Rosales
J.J.M. Verbaarschot
J.L. Lucio
J.L. Vazquezbello
J.L.F. Barbon
J.M. Cervero
J.M. Pawlowski
J.M. Salim
J.M. Speight
J.M. Warzecha
J.M.F. Gunn
J.Manjavidze
J.O. Madsen
J.P. Derendinger
J.R. Anglin
J.R. Morris
J.W. Van Holten
J.Y. Thibon
Jaap Kalkman
Jacek Dziarmaga
Jacek Pawelczyk
Jack Wentao Xu
Jacob Sonnenschein
Jacques Bros
Jacques Distler
Jaemo Park
Jaesuk Park
Jakov Pfaudler
Jakub Rembielinski
James A. Feigenbaum
James Bjorken
James Lepowsky
James T. Liu
James T. Wheeler
Jan Ambjorn
Jan C. Plefka
Jan Govaerts
Jan Louis
Jan Ridky
Janos Polonyi
Jaume Garriga
Jaume Gomis
Javier Mas
Javier P. Muniain
Jaydeep Majumder
Jayme Vaz
Jean Avan
Jeanbernard Zuber
Jeanfranc Cois Roussel
Jeanloup Gervais
Jeanmarc Daul
Jeanpierre Derendinger
Jeanvincent Le Be
Jeeva Anandan
Jeeva S. Anandan
Jeffrey A. Harvey
Jeffrey M. Rabin
Jens Bockenhauer
Jens Hoppe
Jens Ole Madsen
Jens Schnittger
Jensu. H. Petersen
Jeremy Michelson
Jerome P. Gauntlett
Jerzy A. Przeszowski
Jerzy A.Przeszowski
Jesper Levinsen
Ji Sun
Jiangbei Fan
Jiange Zhou
Jiannis Pachos
Jianxun Hu
Jifeng Yang
Jihad Mourad
Jihn E. Kim
Jiliang Jing
Jim Goodison
Jim Mccarthy
Jim Stasheff
Jin Young Kim
Jinmin Shen
Jintai Ding
Jisuke Kubo
Jm. Maillard
Jnanadeva Maharana
Jnr
Joan Simon
Joao N. G. N. Prata
Johan Van De Leur
Johanna Erdmenger
Johannes Huebschmann
John Brodie
John C. Baez
John F. Tighe
John H. Schwarz
John H.Schwarz
John Harnad
John L. Cardy
John M. Cornwall
John Madore
John Manolis Smyrnakis
John Palmer
John R. Klauder
John Schwarz
John T. Whelan
John W. Barrett
Jon R. Links
Jordi Comellas
Jordi Paris
Jorg Schray
Jorg Teschner
Jorge Alfaro
Jorge Ananias Neto
Jorge Devoto
Jorgen Rasmussen
Jose D. Edelstein
Jose F. Morales
Jose Gaite
Jose I. Latorre
Jose Luis Cortes
Jose P. S. Lemos
Josep M. Pons
Joseph A. Minahan
Joseph D. Lykken
Joseph Polchinski
Josh Gray
Joshua Feinberg
Joshua P. Gray
Jouko Mickelsson
Jr
Jr.
Juan M. Maldacena
Juan Maldacena
Juan P. Garrahan
Julian Lee
Julie D. Blum
Jun Furukawa
Jun Liu
Jun Murakami
Jun Nishimura
Junchen Su
Junji Suzuki
Jurgen Fuchs
Jurgen Schulze
Jussi Kalkkinen
Justin Hayward
Justin R. David
K. A. Milton
K. A. Saraikin
K. Aghababaei Samani
K. Bardakci
K. Bautier
K. Behrndt
K. Benakli
K. De Vos
K. Foerger
K. Fujii
K. G. Joo
K. G. Selivanov
K. Hamada
K. Intriligator
K. Itakura
K. Kirsten
K. Konishi
K. Landsteiner
K. Morita
K. Ohta
K. Palo
K. Pilch
K. Pohlmeyer
K. S. Ahluwalia
K. S. Virbhadra
K. Schoutens
K. Sfetsos
K. Singh
K. Takenaga
K. Ulker
K. Zarembo
K.A. Bronnikov
K.G. Selivanov
K.I. Izawa
K.N. Ilinski
K.N.Zyablyuk
K.S. Narain
K.S. Stelle
K.S. Viswanathan
K.Takenaga
K.Ulker
K.Y. Wee
K.Zarembo
Kaj Roland
Kamran Saririan
Kanehisa Takasaki
Kangjie Shi
Karim Benakli
Katrin Becker
Katsusada Morita
Katsushi Ito
Katsuyuki Sugiyama
Kazuhiko Odaka
Kazumi Okuyama
Kazunori Itakura
Kazunori Takenaga
Kazuo Fujikawa
Kazuo Ghoroku
Kazuo Hosomichi
Kazuto Oshima
Kazuya Satoh
Kazuyuki Fujii
Ke Wu
Kefeng Liu
Keiichi Maeda
Keith R. Dienes
Ken Halpern
Kenichi Horie
Kenichi Konishi
Kenichiro Aoki
Kenji Hamada
Kenji Iohara
Kenji Ito
Kenji Mohri
Kenneth G. Wilson
Kenneth Intriligator
Kentaro Hori
Kerson Huang
Keshav Dasgupta
Khaled Abdelkhalek
Khazret S. Nirov
Kim Baskerville
Kimball A. Milton
Kimio Ueno
Kimyeong Lee
Kings College
Kirill A. Kazakov
Kirill Ilinski
Kirill Saraikin
Kiwoon Choi
Kiyoshi Ezawa
Kiyoshi Kamimura
Klaus Behrndt
Klaus Kirsten
Klaus Lucke
Koichi Yamawaki
Konstadinos Sfetsos
Konstantin G. Zloshchastiev
Konstantin Zyablyuk
Koos De Vos
Korkut Bardakci
Kostantin Styrkas
Kostas Skenderis
Koushik Ray
Krishnendu Mukherjee
Krzysztof Gawedzki
Krzysztof Kowalski
Krzysztof Pilch
Kurt Haller
Kurt Lechner
Kwanleung Chan
L. A. Dickey
L. Baulieu
L. Begin
L. Castellani
L. Cornalba
L. D. Faddeev
L. Dolan
L. E. Oxman
L. Feher
L. Frappat
L. Griguolo
L. Hua
L. Martina
L. P. Colatto
L. Susskind
L.A. Dickey
L.A.Dickey
L.C. Garcia De Andrade
L.C. Kwek
L.C.Garcia De Andrade
L.Chekhov
L.D. Faddeev
L.D. Paniak
L.Faddeev
L.Griguolo
L.Houart
L.Leal
L.M. Bernardo
L.P. Horwitz
L.V. Bogdanov
Lars Brink
Larus Thorlacius
Laszlo Feher
Laurent Baulieu
Laurent Freidel
Le Tu Quoc Thang
Leon A. Takhtajan
Leon Takhtajan
Leonard Susskind
Leonid D. Lantsman
Leopoldo A. Pando Zayas
Leszek Lukaszuk
Leung Chim
Lev Rozansky
Lev Vaidman
Lianyou Shan
Liat Maoz
Libin Fu
Linda Baker
Linyuan Chen
Liu Chao
Liu Zhao
Lloyd Alty
London
Lorenzo Cornalba
Lorenzo Leal
Lori Paniak
Louis Crane
Louis H. Kauffman
Lubos Motl
Luca Lusanna
Luca Molinari
Luca Salasnich
Luciano Vanzo
Ludwik Dabrowski
Luis E. Ibanez
Luis Gonzalezmestres
Luis J Boya
Luis Velazquez
Luiz C. De Albuquerque
Lusheng Chen
M. A. Del Olmo
M. A. Guest
M. A. Robson
M. A. Santos
M. A. Semenovtianshansky
M. A. Sokolov
M. A. Vazquezmozo
M. A. Walton
M. Alishahiha
M. Alvarez
M. Anazawa
M. Asorey
M. Awada
M. Banados
M. Berkooz
M. Billo
M. Bordag
M. Burkardt
M. C. Ashworth
M. Cadoni
M. Calixto
M. Cataldo
M. Chaichian
M. Chemtob
M. Costantini
M. Crivelli
M. Cvetic
M. D. Maia
M. Daszkiewicz
M. Disertori
M. Fukuma
M. Furuta
M. G. Ivanov
M. G. Negrao
M. Gasperini
M. Giovannini
M. Gomes
M. Grisaru
M. Henneaux
M. Henningson
M. Hortacsu
M. Ikehara
M. J. Bergvelt
M. Kachkachi
M. Karowski
M. Kawamura
M. Khorrami
M. Kibler
M. Kontsevich
M. Kotani
M. Kruczenski
M. Legare
M. M. Sheikhjabbari
M. Marino
M. Matone
M. Maul
M. Mekhfi
M. Moriconi
M. Navarro
M. Nazarov
M. Niedermaier
M. Nikbakhttehrani
M. Novello
M. Oleszczuk
M. Oloughlin
M. P. Fry
M. Picco P. Windey
M. Pillin
M. R. Niedermaier
M. R. Rahimi Tabar
M. Rausch De Traubenberg
M. Reuter
M. Ruizaltaba
M. S. Marinov
M. Sakaguchi
M. Santander
M. Schlieker
M. Sheppeard
M. Shifman
M. Stanishkov
M. Stingl
M. Tanaka
M. Tarlini
M. Templeraston
M. Thies
M. V. Zyskin
M. Varagnolo
M. Veltman
M. Welling
M. Yu. Lashkevich
M. Zyskin
M.A. Martindelgado
M.A. Vasiliev
M.A. Vazquezmozo
M.A. Wisse
M.A.Soloviev
M.A.Vasiliev
M.A.Zubkov
M.B. Green
M.B. Halpern
M.B. Voloshin
M.Berkooz
M.Haouchine
M.Hortacsu
M.I. Polikarpov
M.J. Duff
M.J. Martins
M.J. Strassler
M.K. Sener
M.M. Sheikhjabbari
M.Martellini
M.Mekhfi
M.Moriconi
M.N. Chernodub
M.Olshanetsky
M.Pitkanen
M.R. Gaberdiel
M.R. Niedermaier
M.Reuter
M.T. Grisaru
M.Yu.Kuchiev
M.Z.Iofa
Machiko Hatsuda
Madrid 
Maher S. Rashid
Mairi Sakellariadou
Makoto Idzumi
Makoto Sakaguchi
Malgorzata Bakalarska
Malte Henkel
Manoelito M. De Souza
Manuel Reenders
Marc Chemtob
Marc De Montigny
Marc Grisaru
Marc Henneaux
Marcello Ciafaloni
Marcelo Hott
Marcelo R. Ubriaco
Marco Bochicchio
Marco Cavaglia
Marco Falcioni
Marco Matone
Marco Picco
Marcos Jardim
Marcos Marino
Marek Czachor
Marek Rogatko
Marek Wieckowski
Marian Stanishkov
Mariano Cadoni
Marijan Milekovic
Marika Taylorrobinson
Mario Belloni
Mario Bergeron
Mariusz P. Dabrowski
Mark Bowick
Mark Burgess
Mark D. Gould
Mark Gross
Mark Rakowski
Markus J. Pflaum
Martin Cederwall
Martin Fleck
Martin Joerss
Martin Jorss
Martin Kruczenski
Martin Markl
Martin Oloughlin
Martin R. Zirnbauer
Martin Reuter
Martin Rivas
Martin Schlichenmaier
Mary K. Gaillard
Masafumi Fukuma
Masahiro Anazawa
Masako Asano
Masako Kawamura
Masanobu Yahiro
Masanori Nunami
Masashi Naganuma
Masato Hisakado
Masatoshi Sato
Masoud Alimohammadi
Massimo Bianchi
Massimo Giovannini
Mathias Pillin
Matt Visser
Matteo Beccaria
Matthew J. Strassler
Matthias Blau
Matthias Burkardt
Matthias Doerrzapf
Matthias Staudacher
Maulik K. Parikh
Mauri Miettinen
Maurice Kibler
Maurice R. Kibler
Max Welling
Maxim Braverman
Maxim Kontsevich
Maxim Zabzine
Maximilian F. Hasler
Maximilian Kreuzer
Maximo Banados
Meshcheryakov V.A
Metin Arik
Miao Li
Micha Berkooz
Michael B. Green
Michael Bershadsky
Michael Crescimanno
Michael D. Turner
Michael Danos
Michael Dine
Michael Duetsch
Michael E. Peskin
Michael Engelhardt
Michael Freeman
Michael Graesser
Michael Green
Michael Gutperle
Michael J Morgan
Michael P. Tuite
Michael Penkava
Michael R. Douglas
Michael Terhoeven
Michael Trunk
Michael Yu. Lashkevich
Michel Duboisviolette
Michele Bourdeau
Michio Ikehara
Michio Jimbo
Michio Kaku
Michitomo Nishizawa
Miguel E. Ortiz
Miguel S. Costa
Mihai Visinescu
Mikhail A. Vasiliev
Mikhail Khovanov
Mikhail Plyushchay
Mikhail S. Plyushchay
Mikhail S. Volkov
Mikhail S.Volkov
Mikhail V. Saveliev
Mikhail Vasiliev
Milan Petras
Ming Yu
Minoru Wakimoto
Mirjam Cvetic
Mitsuhiro Kato
Mohammad R. Garousi
Mohsen Alishahiha
Molin Ge
Morris Beatty
Morten Krogh
Moshe Flato
Motoi Tachibana
Moulay Brahim Sedra
Moustafa Awada
Muhittin Mungan
Muin Park
Mulin Yan
Muneto Nitta
Murat Gunaydin
Myck Schwetz
Myckola Schwetz
N. A. Papadopoulos
N. A. Saulina
N. Banerjee
N. Debergh
N. E. Mavromatos
N. Hambli
N. I. Stoilova
N. Itzhaki
N. J. Kim
N. J. Mackay
N. Nakazawa
N. P. Landsman
N. S. Manton
N. Sanchez
N. Seiberg
N. Stoilova
N. Tetradis
N.A. Batakis
N.Belaloui
N.E. Mavromatos
N.Itzhaki
N.J. Mackay
N.Mebarki
N.P. Landsman
N.P. Warner
N.Tsuda
N.V.Borisov
Nadejda A. Liskova
Nadja Kutz
Naohito Nakazawa
Naruhiko Aizawa
Nathan Berkovits
Nathan Salwen
Nathan Seiberg
Nathan Weiss
Neil Lambert
Neil Marcus
Neil Turok
Nelson R.F. Braga
Nemanja Kaloper
Netanel H. Lindner
Ngee Pong Chang
Nguyen Anh Ky
Niall Mackay
Nick Dorey
Nick E. Mavromatos
Nick Evans
Niclas Wyllard
Nicola Maggiore
Nicolai Reshetikhin
Nicolas Andruskiewitsch
Nigel Goldenfeld
Nikita A. Nekrasov
Nikita Nekrasov
Nikolaos A Batakis
Nikolaos A. Batakis
Nikolaos Kalogeropoulos
Nima Arkanihamed
Nina Byers
Nir Sochen
Nobuhito Maru
Nobuki Maeda
Nobuyoshi Ohta
Nobuyuki Ishibashi
Nobuyuki Sakai
Noriaki Kitazawa
Norihito Sasaki
Norisuke Sakai
Norma Mankoc Borstnik
Noureddine Chair
Noureddine Mohammedi
O. A. Rytchkov
O. Aharony
O. B. Zaslavskii
O. Babelon
O. Bergman
O. F. Dayi
O. K. Pashaev
O. Lauscher
O. Lisovy
O. M. Khudaverdian
O. Obregon
O. Teoman Turgut
O. Tirkkonen
O.B. Zaslavskii
O.B.Zaslavskii
O.F. Dayi
O.Sheinman
O.Yu.Shvedov
Ofer Aharony
Oktay K.Pashaev
Olaf Lechtenfeld
Ole Warnaar
Oleg A Soloviev
Oleg A. Soloviev
Oleg Mokhov
Oleg Ogievetsky
Oleg Shvedov
Oleg Zaboronsky
Olivier De Mirleau
Olivier De Mirleau.
Olivier Piguet
Omar Foda
Omer F. Dayi
Oren Bergman
Ori J. Ganor
Orlando Alvarez
Osvaldo Chandia
Ovid C. Jacob
Ozgur Sarioglu
P. A. Horvathy
P. A.Horvathy
P. Aschieri
P. B. Medvedev
P. Berglund
P. Bouwknegt
P. Bowcock
P. Bozhilov
P. Candelas
P. Claus
P. Di Francesco
P. Fiziev
P. Furlan
P. G. O. Freund
P. Garcia
P. Hajicek
P. Hellinger
P. Jizba
P. L. Paul
P. Marcel
P. Marios Petropoulos
P. Martin
P. Mathieu
P. Mayr
P. Menotti
P. Minning
P. Mitra
P. Mukherjee
P. N. Pyatov
P. O. Mazur
P. Olesen
P. P. Kulish
P. Pouliot
P. Ramadevi
P. Ramond
P. Salgado
P. Saltsidis
P. Simon
P. Sorba
P. Stovicek
P. Teotoniosobrinho
P. Truini
P. Valtancoli
P. Van Driel
P. Vanhove
P. Vitale
P. Winternitz
P. Zavada
P.A. Marchetti
P.C. Argyres
P.Cottaramusino
P.H. Damgaard
P.H. Frampton
P.J. Steinhardt
P.J.Ariasa
P.K. Townsend
P.Mathieu
P.Olesen
P.P. Kulish
P.Quarati
P.R. Johnson
P.S. Howe
P.S. Montague
P.Schaller
P.V. Moniz
P.Winternitz
Pablo Mora
Panagiota Kanti
Paola Giacconi
Paolo Aschieri
Paolo Cea
Paolo Di Vecchia
Paolo Valtancoli
Parentani Renaud
Parthasarathi Majumdar
Patricio Gaete
Patrick Mcgraw
Paul A. Pearce
Paul Aspinwall
Paul Federbush
Paul H. Frampton
Paul Mansfield
Paul P. Budnik Jr.
Paul S. Aspinwall
Paul Sutcliffe
Paul Watts
Pavel Etingof
Pavel Grozman
Pawel Caban
Pawel O. Mazur
Pawel Oskar Mazur
Pawel Wegrzyn
Pedro F. Gonzalezdiaz
Pei Wang
Peiming Ho
Per Elmfors
Per Kraus
Per Salomonson
Per Sundell
Peter B. Gilkey
Peter Bouwknegt
Peter Cho
Peter E. Haagensen
Peter G.O. Freund
Peter Langfelder
Peter Orland
Peter Schupp
Peter Van Driel
Peter Varga
Peter Vecsernyes
Petr Horava
Petre Dita
Ph. Brax
Ph. Drozvincent
Phil E. Gibbs
Philippe Zaugg
Phillial Oh
Phung Ho Hai
Pierre Minnaert
Pierre Pujol
Pierre Ramond
Pierre Van Baal
Piet Claus
Pietro Antonio Grassi
Pietro Fre
Pijush K. Ghosh
Piljin Yi
Piotr Bizon
Piotr Kosinski
Piotr Podles
Pirjo Pasanen
Poul H. Damgaard
Poul Olesen
Predrag L. Stojkov
Preeti Parashar
Prem P. Srivastava
Q.P. Liu
Qhan Park
Qionggui Lin
R Delbourgo
R. Akhoury
R. Amorim
R. B. Mann
R. B. Zhang
R. Banerjee
R. Bhattacharyya
R. Bonisch
R. C. Trinchero
R. Casalbuoni
R. Chakrabarti
R. Chatterjee
R. Coquereaux
R. Dijkgraaf
R. Emparan
R. F. Ribeiro
R. Floreanini
R. Giachetti
R. Gueven
R. H. Rietdijk
R. Hong Tuan
R. Iordanescu
R. J. Cova
R. Jackiw
R. Jagannathan
R. K. Kaul
R. Kallosh
R. Kirschner
R. Kuriki
R. L. Wilson
R. M. Kashaev
R. Minasian
R. P. Malik
R. P. Woodard
R. Paunov
R. Percacci
R. S. Ward
R. Sasaki
R. Schimmrigk
R. Tateo
R. Torrealba
R. Vilela Mendes
R. W. Gebert
R.A.Konoplya
R.B. Mann
R.Chatterjee
R.Coquereaux
R.D. Simmons
R.J. Crewther
R.K. Kaul
R.P. Malik
R.P. Woodard
R.P.Malik
R.R. Metsaev
R.R.Metsaev
R.Tateo
Radhika Vathsan
Radu Tatar
Rafael D. Sorkin
Raiko P. Zaikov
Raimar Wulkenhaar
Raimund Varnhagen
Rainald Flume
Rainer Dick
Rainer Schimming
Rajesh Gopakumar
Rajesh Parwani
Rajesh R. Parwani
Ralf D. Tscheuschner
Ralph Blumenhagen
Ram Brustein
Ramesh Abhiraman
Rami Entin
Ramzi R. Khuri
Raphael Bousso
Regis Le Du
Reinhard Oehme
Remo Garattini
Renata Kallosh
Rene Lafrance
Reza Abbaspur
Riccardo Argurio
Riccardo Dauria
Riccardo Guida
Richard Hong Tuan
Richard J. Szabo
Rinat Kedem
Robert A. Weston
Robert Brout
Robert C. Myers
Robert Carroll
Robert Echols
Robert G. Leigh
Robert J. Budzynski
Robert J. Perry
Robert M. Konik
Robert Marnelius
Robert W. Brown
Robert Weston
Roberto Casero
Roberto Iengo
Roberto Longo
Roberto Soldati
Roberto Zucchini
Rodolfo Gambini
Roger Brooks
Rolf Bayer
Rolf Dahm
Rolf Schimmrigk
Rolf Tarrach
Romain Attal
Romesh K. Kaul
Ronald J.Adler
Ronggen Cai
Rotelli Pietro
Rui Neves
Rupak Chatterjee
Ruth Gregory
Ryan Rohm
Ryo Sugisaka
Ryogo Hirota
Ryuichi Nakayama
S. A. Alavi
S. Alam
S. B. Afanasev
S. Bellucci
S. Boldyrev
S. Boukraa
S. Braune
S. Cacciatori
S. Carlip
S. Chaudhuri
S. Dalley
S. Deser
S. E. Parkhomenko
S. F. Hassan
S. Ferrara
S. Forste
S. G. Rajeev
S. H. Park
S. Hosono
S. Iso
S. Ivanov
S. Jaimungal
S. James Gates
S. James Gates Jr
S. K. Kauffmann
S. Kachru
S. Kalyana Rama
S. Kharchev
S. Khlebnikov
S. L. Lyakhovich
S. L. V. Pinheiro
S. Liberati
S. Lukyanov
S. M. Klishevich
S. M. Kuzenko
S. Maedan
S. Mignemi
S. Nishigaki
S. Nojiri
S. Nussinov
S. Okubo
S. P. Clarke
S. P. Novikov
S. P. Tsarev
S. Pinsky
S. Pratik Khastgir
S. Q. Wu
S. Randjbardaemi
S. Rovelli
S. Roy
S. S. Xulu
S. Stieberger
S. Suzuki
S. Theisen
S. V. Kryukov
S. Vandoren
S. Yankielowicz
S. Ying
S.A. Alavi
S.A. Gogilidze
S.A.Bulgadaev
S.A.Frolov
S.A.Garnov
S.D. Odintsov
S.Dalley
S.E. Parkhomenko
S.E.Konstein
S.E.Parkhomenko
S.Gukov
S.I. Ei
S.Ichinose
S.J.Gates Jr
S.L. Adler
S.L. Lebedev
S.Maedan
S.N. Roshchupkin
S.N.Solodukhin
S.O. Warnaar
S.P. De Alwis
S.P. Li
S.R. Aladim
S.S. Gubser
S.V. Talalov
S.W. Hawking
Sabbir Rahman
Saburo Higuchi
Samir D. Mathur
Samson L. Shatashvili
Samwel Apikyan
Sang Pyo Kim
Sangjin Sin
Sanjay Jain
Sanjaye Ramgoolam
Satchidananda Naik
Satish D. Joglekar
Satoshi Iso
Satoshi Matsuda
Saulo Carneiro
Saurya Das
Scott Axelrod
Scott Thomas
Sebastiano Stramaglia
Semyon Polshin
Serdar Nergiz
Sergei Afanasev
Sergei D. Odintsov
Sergei Gukov
Sergei Khoroshkin
Sergei V. Khudyakov
Sergei V. Shabanov
Sergey Fomin
Sergey Frolov
Sergey Klishevich
Sergey N. Solodukhin
Sergey Piunikhin
Sergio Ferrara
Sergiu I. Vacaru
Seung Hwan Son
Seungjoon Hyun
Shahn Majid
Shahrokh Parvizi
Shamit Kachru
Sheldon Katz
Shesheng Xue
Shi Kangjie
Shibaji Roy
Shigeaki Yahikozawa
Shijong Ryang
Shikun Wang
Shimon Yankielowicz
Shingtung Yau
Shinichi Kojima
Shinichi Nojiri
Shinji Hamamoto
Shinji Tsujikawa
Shinsuke M. Nishigaki
Shinya Wada
Shishyr Roan
Sho Tsujimaru
Shogo Tanimura
Shuichi Nakamura
Shunichi Yamaguchi
Shunya Mizoguchi
Shyamoli Chaudhuri
Simeon Vishik
Simon Davis
Simon Hands
Simon Lyakhovich
Slava G. Turyshev
Somdatta Bhattacharya
Somdatta Bhattacharyya
Soojong Rey
Soonkeon Nam
Spenta R. Wadia
Srinandan Dasmahapatra
St Tsou
Stanislaw D. Glazek
Stanislaw Mrowczynski
Stanley J. Brodsky
Stefan Forste
Stefan Giller
Stefan Lenz
Stefan Leupold
Stefan Mashkevich
Stefan Theisen
Stefano Bellucci
Stefano De Leo
Stefano Kovacs
Stephan Durr
Stephane Riederer
Stephanie Curnoe
Stephen B. Selipsky
Stephen D.H. Hsu
Stephen H. Shenker
Stephen Hawking
Stephen Hwang
Stephen L. Adler
Stephen Pinsky
Stephen S. Pinsky
Stephen W. Hawking
Stephenwei Chung
Steve Shnider
Steven B. Giddings
Steven Corley
Steven S. Gubser
Steven Weinberg
Stjepan Meljanac
Stoyan Toshev
Subir Ghosh
Subir Mukhopadhyay
Subir Sachdev
Sudipta Mukherji
Sukanta Bose
Sumati Surya
Sumit R. Das
Sunil Mukhi
Supriya Kar
Suresh Govindarajan
Susumu Okubo
Swapna Mahapatra
T D Kieu
T R Govindarajan
T. Banks
T. D. Palev
T. Fujiwara
T. Fulop
T. Gannon
T. Hubsch
T. Karki
T. Kubota
T. Kunihiro
T. Mogami
T. N. Tomaras
T. Ortin
T. Padmanabhan
T. R. Govindarajan
T. S. Hakobyan
T. Sakai
T. Tabei
T. Tanaka
T.A.Ivanova
T.Banks
T.G.Steele V. Elias
T.Hakobyan
T.J. Hollowood
T.M. Samols
T.N. Tomaras
T.Nakatsu
T.Segalini
T.Strobl
T.Yanagida
T.Yukawa
Tadakatsu Sakai
Tadashi Miyazaki
Taejin Lee
Taekoon Lee
Taichi Itoh
Takashi Sano
Takashi Suzuki
Takayuki Hori
Takeo Inami
Takeshi Oota
Takeshi Suzuki
Tamas Fulop
Tamas Hauer
Tamiaki Yoneya
Tamiaki Yoneya 
Tanya Khovanova
Tapobrata Sarkar
Taro Kashiwa
Tatsuo Kobayashi
Tatsuya Ueno
Tchavdar D. Palev
Ted Jacobson
Teiji Kunihiro
Terry Gannon
Teruhiko Kawano
Tetsuji Miwa
Tetsuo Deguchi
Tetsuyuki Ochiai
Theodora Ioannidou
Theodore A. Jacobson
Thierry Masson
Thomas Ackermann
Thomas Banks
Thomas G. Roos
Thomas Kerler
Thomas Mohaupt
Thomas P. Branson
Thomas Schwarzweller
Thomas Wynter
Thordur Jonsson
Tim R. Morris
Tobias Hurth
Tohru Eguchi
Tom Banks
Tom H. Koornwinder
Tom Lada
Tomas Ortin
Tomasz Brzezinski
Tomasz Maslowski
Tomohiko Shibuya
Tomohiro Inagaki
Tomoko Kadoyoshi
Tomotada Ohtsuki
Tomoyasu Ichihara
Tonatiuh Matos
Tonnis A. Ter Veldhuis
Toshiaki Aida
Toshihiro Sasada
Toshiki Nakashima
Toshio Nakatsu
Toshiro Sato
Toshiyuki Harano
U. Harder
U. Trittmann
U.A. Wiedemann
U.Miamiphysics
Ulf H. Danielsson
Ulf Lindstrom
Ulrich Meyer
Universitad Complutense
Uwe Grimm
Uwe Mueller
Uwe Muller
V. A. Fateev
V. A. Miransky
V. A. Slobodenyuk
V. Aldaya
V. B. Petkova
V. Bazhanov
V. Bozza
V. Chari
V. D. Ivashchuk
V. D. Tsukanov
V. Dzhunushaliev
V. G. C. S. Dos Santos
V. G. Ksenzov
V. Gurarie
V. I. Manko
V. John
V. K. Dobrev
V. K. Kharchenko
V. Karimipour
V. M. Buchstaber
V. Milani
V. Mukhanov
V. Ovsienko
V. P. Nair
V. Pasquier
V. Rivasseau
V. S. Alves
V. S. Retakh
V. Sadov
V. Schomerus
V. V. Dodonov
V. V. Fock
V. V. Mangazeev
V. V. Sreedhar
V. Z. Enolskii
V.A. Dolgushev
V.A. Rubakov
V.A. Smirnov
V.A.Kazakov
V.A.Miransky
V.A.Rubakov
V.Aldaya
V.B. Petkova
V.B.Kuznetsov
V.D. Dzhunushaliev
V.E. Rochev
V.G.Ksenzov
V.I. Ritus
V.I. Tkach
V.I.Ritus
V.I.Shevchenko
V.K. Dobrev
V.L. Chernyak
V.L.Vereschagin
V.N. Pervushin
V.N. Shadura
V.N.Shadura
V.P. Nair
V.S.Kapitonov
V.Ts. Gurovich
V.V. Nesterenko
Vadim B. Kuznetsov
Vadim Kaplunovsky
Vadim R. Kudashev
Vadim V. Varlamov
Vadim Zeitlin
Vahid Karimipour
Valeri Dvoeglazov
Valeri Frolov
Valeri V. Dvoeglazov
Valeriy N. Tolstoy
Valter Moretti
Vicente Pleitez
Victor Chernyak
Victor G. Kac
Victor O. Rivelles
Vijay Balasubramanian
Vincent Moulton
Vipul Periwal
Vitalij N. Shadura
Vitalij N.Shadura
Vitaly Tarasov
Vl.S Dotsenko
Vladimir A. Kazakov
Vladimir Dotsenko
Vladimir O. Soloviev
Vladimir Pershin
Vladimir Sadov
Volker Braun
Volodimir Lyubashenko
Vu B Ho
W. A. Sabra
W. Eholzer
W. F. Chen
W. G. Unruh
W. Kalau
W. Lerche
W. Machin
W. Mcghee
W. Ruehl
W. S. Lyi
W.F. Chen
W.J. Zakrzewski
W.Lerche
W.S. Chung
Waclaw Tybor
Walter Greiner
Walter Kunhardt
Wangchang Su
Wei Chen
Weiqiang Wang
Wellington Da Cruz
Wenjui Huang
Werner Nahm
Werner Ruehl
Willard Miller
William M. Pezzaglia
William Mcghee
Wilson Oliveira
Witold Skiba
Wolfgang A. Schnizer
Wolfgang Eholzer
Wolfgang Junker
Wolfgang Weich
Wolfram Boenkost
Wunghong Huang
X. Cai
X. Calmet
X. De La Ossa
Xiaojun Wang
Xuexi Yi
Y. Hosotani
Y. Igarashi
Y. Jack Ng
Y. Lozano
Y. Makeenko
Y. Nutku
Y. Ohnita
Y. Okumura
Y. Oono
Y. S. Kim
Y. S. Myung
Y. Sumino
Y. Watabiki
Y.S. Myung
Y.S.Kim
Ya. I. Granovskii
Ya. P. Pugay
Ya. Pugai
Ya.S. Stanev
Yale University.
Yang Zhanying
Yaozhong Zhang
Yaron Oz
Yashiro Quano
Yasuaki Hikida
Yasuhiro Ohta
Yasuhito Kaminaga
Yeukkwan E. Cheung
Yh Uji Ohta
Yihong Gao
Yinghui Cao
Yishi Duan
Yizhi Huang
Yoan Parra
Yoichiro Matsumura
Yolanda Lozano
Yongshi Wu
Yoonbai Kim
Yoshihisa Kitazawa
Yoshitaka Okumura
Yoshiyuki Watabiki
Yosuke Imamura
Youngjai Park
Youquan Li
Yu. Burman
Yu. G. Stroganov
Yu. Makeenko
Yu. P. Peresunko
Yu. S. Vladimirov
Yu.F. Smirnov
Yuji Ohta
Yuji Satoh
Yuji Sugawara
Yujiro Shimada
Yukihiro Mimura
Yukui Zhou
Yuri B. Suris
Yuri Bespalov
Yuri Makeenko
Yutaka Hosotani
Yutaka Matsuo
Yutaka Sakamura
Yves Brihaye
Z. Bajnok
Z. Haba
Z. Hasiewicz
Z. Jaskolski
Z. Oziewicz
Z. Popowicz
Zbigniew Oziewicz
Zhanning Hu
Zhe Chang
Zheng Weihong
Zhengmao Sheng
Zhong Tang
Zhonghau Wang
Zhongqi Ma
Zhongxia Yang
Zhu Yang
Zhujun Zheng
Ziad Maassarani
Ziemowit Popowicz
Zm Sheng
Zurab Kakushadze
